doc_id,topic,title,issued,rbi_page,pdf_url,size_kb
rbi-13141,"Banking","Reserve Bank of India (Commercial Banks – Know Your Customer) Directions, 2025 (Updated as on October 1, 2026)","Nov 28, 2025",https://rbi.org.in/Scripts/BS_ViewMasDirections.aspx?id=13141,https://rbidocs.rbi.org.in/rdocs/notification/PDFs/169MD.PDF,700
rbi-13155,"Banking","Reserve Bank of India (Commercial Banks – Credit Cards and Debit Cards: Issuance and Conduct) Directions, 2025 (Updated as on October 1, 2026)","Nov 28, 2025",https://rbi.org.in/Scripts/BS_ViewMasDirections.aspx?id=13155,https://rbidocs.rbi.org.in/rdocs/notification/PDFs/155MD.PDF,439
rbi-13157,"Banking","Reserve Bank of India (Commercial Banks – Interest Rate on Deposits) Directions, 2025 (Updated as on October 01, 2026)","Nov 28, 2025",https://rbi.org.in/Scripts/BS_ViewMasDirections.aspx?id=13157,https://rbidocs.rbi.org.in/rdocs/notification/PDFs/153MD.PDF,387
rbi-13149,"Banking","Reserve Bank of India (Commercial Banks – Interest Rates on Advances) Directions, 2025","Nov 28, 2025",https://rbi.org.in/Scripts/BS_ViewMasDirections.aspx?id=13149,https://rbidocs.rbi.org.in/rdocs/notification/PDFs/161MD.PDF,318
rbi-13156,"Banking","Reserve Bank of India (Commercial Banks – Credit Facilities) Directions, 2025 (Updated as on October 1, 2026)","Nov 28, 2025",https://rbi.org.in/Scripts/BS_ViewMasDirections.aspx?id=13156,https://rbidocs.rbi.org.in/rdocs/notification/PDFs/154MD.PDF,1090
rbi-13140,"Banking","Reserve Bank of India (Commercial Banks - Responsible Business Conduct) Directions, 2025 (Updated as on October 1, 2026)","Nov 28, 2025",https://rbi.org.in/Scripts/BS_ViewMasDirections.aspx?id=13140,https://rbidocs.rbi.org.in/rdocs/notification/PDFs/170MD.PDF,1119
rbi-13144,"Banking","Reserve Bank of India (Commercial Banks – Treatment of Wilful Defaulters and Large Defaulters) Directions, 2025","Nov 28, 2025",https://rbi.org.in/Scripts/BS_ViewMasDirections.aspx?id=13144,https://rbidocs.rbi.org.in/rdocs/notification/PDFs/166MD.PDF,467
rbi-13145,"Banking","Reserve Bank of India (Commercial Banks – Resolution of Stressed Assets) Directions, 2025 (updated as on October 1, 2026)","Nov 28, 2025",https://rbi.org.in/Scripts/BS_ViewMasDirections.aspx?id=13145,https://rbidocs.rbi.org.in/rdocs/notification/PDFs/165MD.PDF,617
rbi-13146,"Banking","Reserve Bank of India (Commercial Banks – Income Recognition, Asset Classification and Provisioning) Directions, 2025 (Updated as on October 01, 2026)","Nov 28, 2025",https://rbi.org.in/Scripts/BS_ViewMasDirections.aspx?id=13146,https://rbidocs.rbi.org.in/rdocs/notification/PDFs/164MD.PDF,477
rbi-13154,"Banking","Reserve Bank of India (Commercial Banks – Credit Information Reporting) Directions, 2025 (Updated as on July 01, 2026)","Nov 28, 2025",https://rbi.org.in/Scripts/BS_ViewMasDirections.aspx?id=13154,https://rbidocs.rbi.org.in/rdocs/notification/PDFs/156MD.PDF,860
rbi-13160,"Banking","Reserve Bank of India (Commercial Banks – Cash Reserve Ratio and Statutory Liquidity Ratio) Directions, 2025 (Updated as on August 25, 2026)","Nov 28, 2025",https://rbi.org.in/Scripts/BS_ViewMasDirections.aspx?id=13160,https://rbidocs.rbi.org.in/rdocs/notification/PDFs/150MD.PDF,585
rbi-13163,"Banking","Reserve Bank of India (Commercial Banks – Digital Banking Channels Authorisation) Directions, 2025","Nov 28, 2025",https://rbi.org.in/Scripts/BS_ViewMasDirections.aspx?id=13163,https://rbidocs.rbi.org.in/rdocs/notification/PDFs/380MD.PDF,245
rbi-13641,"Banking","Reserve Bank of India (Commercial Banks – Fraud Risk Management) Directions, 2026","Jul 31, 2026",https://rbi.org.in/Scripts/BS_ViewMasDirections.aspx?id=13641,https://rbidocs.rbi.org.in/rdocs/notification/PDFs/412MD5B6CA712E156413BACDEA9DD5CF5D1EF.PDF,1144
rbi-13642,"Banking","Reserve Bank of India (Commercial Banks – Digital Payment Security Controls) Directions, 2026 (Updated as on October 01, 2026)","Jul 31, 2026",https://rbi.org.in/Scripts/BS_ViewMasDirections.aspx?id=13642,https://rbidocs.rbi.org.in/rdocs/notification/PDFs/411MD1918998D1AD74F159D57664FB10E053F.PDF,405
rbi-13643,"Banking","Reserve Bank of India (Commercial Banks – Cybersecurity, Technology: Risk, Resilience and Assurance Framework) Directions, 2026 (Updated as on October 01, 2026)","Jul 31, 2026",https://rbi.org.in/Scripts/BS_ViewMasDirections.aspx?id=13643,https://rbidocs.rbi.org.in/rdocs/notification/PDFs/410MD1C1DD4C43C9C49ED9033D64902636D9C.PDF,512
rbi-13139,"Banking","Reserve Bank of India (Commercial Banks – Managing Risks in Outsourcing) Directions, 2025","Nov 28, 2025",https://rbi.org.in/Scripts/BS_ViewMasDirections.aspx?id=13139,https://rbidocs.rbi.org.in/rdocs/notification/PDFs/171MD.PDF,410
rbi-13161,"Banking","Reserve Bank of India (Commercial Banks - Governance) Directions, 2025 (Updated as on October 01, 2026)","Nov 28, 2025",https://rbi.org.in/Scripts/BS_ViewMasDirections.aspx?id=13161,https://rbidocs.rbi.org.in/rdocs/notification/PDFs/149MD.PDF,649
rbi-13159,"Banking","Reserve Bank of India (Commercial Banks - Prudential Norms on Capital Adequacy) Directions, 2025 (Updated as on October 01, 2026)","Nov 28, 2025",https://rbi.org.in/Scripts/BS_ViewMasDirections.aspx?id=13159,https://rbidocs.rbi.org.in/rdocs/notification/PDFs/151MD.PDF,2518
rbi-13147,"Banking","Reserve Bank of India (Commercial Banks – Asset Liability Management) Directions, 2025","Nov 28, 2025",https://rbi.org.in/Scripts/BS_ViewMasDirections.aspx?id=13147,https://rbidocs.rbi.org.in/rdocs/notification/PDFs/163MD.PDF,1817
rbi-13153,"Banking","Reserve Bank of India (Commercial Banks – Credit Risk Management) Directions, 2025 (Updated as on October 01, 2026)","Nov 28, 2025",https://rbi.org.in/Scripts/BS_ViewMasDirections.aspx?id=13153,https://rbidocs.rbi.org.in/rdocs/notification/PDFs/157MD.PDF,522
rbi-13152,"Banking","Reserve Bank of India (Commercial Banks - Concentration Risk Management) Directions, 2025 (Updated as on October 01, 2026)","Nov 28, 2025",https://rbi.org.in/Scripts/BS_ViewMasDirections.aspx?id=13152,https://rbidocs.rbi.org.in/rdocs/notification/PDFs/158MD.PDF,784
rbi-13138,"Banking","Reserve Bank of India (Commercial Banks - Climate Finance and Management of Climate Change Risks) Directions, 2025 (Updated as on October 01, 2026)","Nov 28, 2025",https://rbi.org.in/Scripts/BS_ViewMasDirections.aspx?id=13138,https://rbidocs.rbi.org.in/rdocs/notification/PDFs/172MD.PDF,317
rbi-13319,"Banking","Reserve Bank of India (Commercial Banks – Prudential Norms on Declaration of Dividend and Remittances of Profits) Directions, 2026","Mar 10, 2026",https://rbi.org.in/Scripts/BS_ViewMasDirections.aspx?id=13319,https://rbidocs.rbi.org.in/rdocs/notification/PDFs/387MD1003202698CBFA3D29254532B33C97C231B6F7D8.PDF,442
rbi-13150,"Banking","Reserve Bank of India (Commercial Banks – Securitisation Transactions) Directions, 2025","Nov 28, 2025",https://rbi.org.in/Scripts/BS_ViewMasDirections.aspx?id=13150,https://rbidocs.rbi.org.in/rdocs/notification/PDFs/160MD.PDF,461
rbi-13271,"Banking","Reserve Bank of India (Commercial Banks - Internal Ombudsman) Directions, 2026","Jan 14, 2026",https://rbi.org.in/Scripts/BS_ViewMasDirections.aspx?id=13271,https://rbidocs.rbi.org.in/rdocs/notification/PDFs/380MD14012026DAD56B73DC944F02AEA4530EC779AD7F.PDF,293
rbi-13502,"Payments","Master Directions on Authorisation to operate a Payment System","Jun 15, 2026",https://rbi.org.in/Scripts/BS_ViewMasDirections.aspx?id=13502,https://rbidocs.rbi.org.in/rdocs/notification/PDFs/401MDDAB7489361B4431DB9A075997E990529.PDF,329
rbi-13374,"Payments","Digital Payments – E-mandate Framework, 2026","Apr 21, 2026",https://rbi.org.in/Scripts/BS_ViewMasDirections.aspx?id=13374,https://rbidocs.rbi.org.in/rdocs/notification/PDFs/396MDD002E435ECA145509929FC3ACBCFD0E9.PDF,242
rbi-12898,"Payments","Reserve Bank of India (Authentication mechanisms for digital payment transactions) Directions, 2025","Sep 25, 2025",https://rbi.org.in/Scripts/BS_ViewMasDirections.aspx?id=12898,https://rbidocs.rbi.org.in/rdocs/notification/PDFs/NT79258FF36ECA8F4886B3B01F55D166C2B2.PDF,265
rbi-12896,"Payments","Master Direction on Regulation of Payment Aggregator (PA)","Sep 15, 2025",https://rbi.org.in/Scripts/BS_ViewMasDirections.aspx?id=12896,https://rbidocs.rbi.org.in/rdocs/notification/PDFs/141MD7D7F25DEBF1F48449E20D685E4B014E5.PDF,428
rbi-12616,"Payments","Master Direction – Reserve Bank of India (Bharat Bill Payment System) Directions, 2024","Feb 29, 2024",https://rbi.org.in/Scripts/BS_ViewMasDirections.aspx?id=12616,https://rbidocs.rbi.org.in/rdocs/notification/PDFs/111MDONBBPS87BA4103916D4B21AE117F1443020ADB.PDF,361
rbi-12156,"Payments","Master Directions on Prepaid Payment Instruments (PPIs) (Updated as on September 30, 2026)","Aug 27, 2021",https://rbi.org.in/Scripts/BS_ViewMasDirections.aspx?id=12156,https://rbidocs.rbi.org.in/rdocs/notification/PDFs/82MDPPIS2708202181CF0A6FCD1B47B88CAE8E92A228B160.PDF,705
rbi-10192,"Foreign exchange","Master Direction - Liberalised Remittance Scheme (LRS) (Updated as on September 06, 2024)","Jan 04, 2016",https://rbi.org.in/Scripts/BS_ViewMasDirections.aspx?id=10192,https://rbidocs.rbi.org.in/rdocs/notification/PDFs/03MD945692290C104C5595AEDAC89AE78788.PDF,423
rbi-10198,"Foreign exchange","Master Direction - Deposits and Accounts (Updated as on September 02, 2026)","Jan 04, 2016",https://rbi.org.in/Scripts/BS_ViewMasDirections.aspx?id=10198,https://rbidocs.rbi.org.in/rdocs/notification/PDFs/09MDD593B2F2D48648C8AB3D37625C9F245D.PDF,548
rbi-10193,"Foreign exchange","Master Direction - Other Remittance Facilities (Updated as on October 01, 2026)","Jan 04, 2016",https://rbi.org.in/Scripts/BS_ViewMasDirections.aspx?id=10193,https://rbidocs.rbi.org.in/rdocs/notification/PDFs/04MD5127742FD0914D54B5EC4ECA8076F325.PDF,507
rbi-11200,"Foreign exchange","Master Direction – Foreign Investment in India (Updated up to June 15, 2026)","Jan 04, 2018",https://rbi.org.in/Scripts/BS_ViewMasDirections.aspx?id=11200,https://rbidocs.rbi.org.in/rdocs/notification/PDFs/MD11_04012018B4D0DB4E6DA04CC4B7AF62AA03D902BE.PDF,481
rbi-12710,"Foreign exchange","Master Direction - Overseas Investment (Updated as on April 01, 2026)","Jul 24, 2024",https://rbi.org.in/Scripts/BS_ViewMasDirections.aspx?id=12710,https://rbidocs.rbi.org.in/rdocs/notification/PDFs/121MDOI2507202427D16C96B42C4E0B849FFD9732752B68.PDF,358
rbi-11510,"Foreign exchange","Master Direction - External Commercial Borrowings, Trade Credits and Structured Obligations (Updated as on September 08, 2026)","Mar 26, 2019",https://rbi.org.in/Scripts/BS_ViewMasDirections.aspx?id=11510,https://rbidocs.rbi.org.in/rdocs/notification/PDFs/5MD2603201979CA1390E9E546869B2A9A92614DEDBF.PDF,506
rbi-10868,"Foreign exchange","Master Direction – Money Transfer Service Scheme (MTSS) (Updated as on September 29, 2026)","Feb 23, 2017",https://rbi.org.in/Scripts/BS_ViewMasDirections.aspx?id=10868,https://rbidocs.rbi.org.in/rdocs/notification/PDFs/MD01220220176458378BB80A417592B7CE4DB57B123A.PDF,216
rbi-10196,"Foreign exchange","Master Direction – Acquisition or Transfer of Immovable Property under Foreign Exchange Management Act, 1999 (Updated as on September 01, 2022)","Jan 04, 2016",https://rbi.org.in/Scripts/BS_ViewMasDirections.aspx?id=10196,https://rbidocs.rbi.org.in/rdocs/notification/PDFs/07MIP0101168C51C4CB845342D09E8A4A613B1F1C6D.PDF,269
rbi-13522,"Financial inclusion","Reserve Bank of India [Commercial Banks - Kisan Credit Card (KCC) Scheme] Directions, 2026","Jun 19, 2026",https://rbi.org.in/Scripts/BS_ViewMasDirections.aspx?id=13522,https://rbidocs.rbi.org.in/rdocs/notification/PDFs/402MD09973277BFE449CC8E21A0C9634191F2.PDF,398
rbi-12799,"Financial inclusion","Master Directions - Reserve Bank of India (Priority Sector Lending – Targets and Classification) Directions, 2025 (Updated as on September 11, 2026)","Mar 24, 2025",https://rbi.org.in/Scripts/BS_ViewMasDirections.aspx?id=12799,https://rbidocs.rbi.org.in/rdocs/notification/PDFs/128MD66C4DDCB167C4DC9A5BD913570CB3D47.PDF,817
rbi-11060,"Financial inclusion","Master Direction - Lending to Micro, Small & Medium Enterprises (MSME) Sector (Updated as on February 09, 2026)","Jul 24, 2017",https://rbi.org.in/Scripts/BS_ViewMasDirections.aspx?id=11060,https://rbidocs.rbi.org.in/rdocs/notification/PDFs/56MD24072017E50D0ED63F9B4414AA756FF0FC72FB66.PDF,429
